City_ID,City,Country,Lat,Lng,Max Temp,Humidity,Cloudiness,Wind Speed,Current Description
0,Bluff,NZ,-46.6,168.3333,34.81,68,2,17.6,clear sky
1,Arraial Do Cabo,BR,-22.9661,-42.0278,75.06,73,75,3.44,light intensity drizzle
2,Rikitea,PF,-23.1203,-134.9692,72.59,80,100,27.94,light rain
3,Nizwa,OM,22.9333,57.5333,96.55,29,83,6.31,broken clouds
4,San Quintin,MX,30.4833,-115.95,77.31,69,56,8.48,broken clouds
5,Chokurdakh,RU,70.6333,147.9167,56.19,43,99,5.68,overcast clouds
6,Havoysund,NO,70.9963,24.6622,52.03,87,100,18.07,overcast clouds
7,Yenagoa,NG,4.9247,6.2642,76.3,86,100,6.58,light rain
8,Tura,IN,25.5198,90.2201,75.45,96,28,6.33,scattered clouds
9,Paciran,ID,-6.8767,112.3761,77.68,83,56,7.23,broken clouds
10,Cape Town,ZA,-33.9258,18.4232,58.12,79,60,0.81,broken clouds
11,Butaritari,KI,3.0707,172.7902,80.46,80,24,13.22,few clouds
12,Busselton,AU,-33.65,115.3333,46.45,90,87,15.55,overcast clouds
13,Chimbote,PE,-9.0853,-78.5783,67.26,69,62,11.34,broken clouds
14,Ushuaia,AR,-54.8,-68.3,40.66,56,20,9.22,few clouds
15,Gold Coast,AU,-28.0,153.4333,55.47,88,1,10.36,clear sky
16,Bambous Virieux,MU,-20.3428,57.7575,67.21,75,14,12.41,few clouds
17,Ostrovnoy,RU,68.0531,39.5131,50.07,88,85,10.29,overcast clouds
18,Yellowknife,CA,62.456,-114.3525,60.57,67,89,13.0,overcast clouds
19,Mtwara,TZ,-10.2667,40.1833,72.59,74,80,10.07,broken clouds
20,Albany,US,42.6001,-73.9662,94.95,61,63,8.7,broken clouds
21,Coahuayana,MX,18.7333,-103.6833,85.77,70,71,6.15,broken clouds
22,Chunskiy,RU,56.0815,99.6342,57.11,83,74,2.44,broken clouds
23,Samarai,PG,-10.6167,150.6667,79.25,72,99,14.74,overcast clouds
24,Minden,DE,52.2833,8.9167,75.69,44,20,8.05,few clouds
25,Longyan,CN,25.1072,117.0225,72.79,95,0,1.43,clear sky
26,Sungaipenuh,ID,-2.0833,101.3833,65.16,95,77,1.01,broken clouds
27,Mar Del Plata,AR,-38.0023,-57.5575,50.95,79,100,4.0,overcast clouds
28,Puerto Ayora,EC,-0.7393,-90.3518,76.96,82,84,8.99,broken clouds
29,Kodinar,IN,20.7903,70.7031,80.44,91,63,13.15,broken clouds
30,Barrow,US,71.2906,-156.7887,44.62,70,0,12.66,clear sky
31,Hermon,US,44.8101,-68.9134,73.92,88,100,11.5,overcast clouds
32,Hermanus,ZA,-34.4187,19.2345,58.8,86,63,0.85,broken clouds
33,Sorland,NO,67.667,12.6934,55.26,82,100,20.51,overcast clouds
34,Cheremukhovo,RU,60.3484,59.9851,66.52,70,67,2.39,broken clouds
35,Georgetown,MY,5.4112,100.3354,82.89,73,20,0.0,few clouds
36,Lagoa,PT,39.05,-27.9833,73.81,78,45,15.59,scattered clouds
37,Saldanha,ZA,-33.0117,17.9442,55.62,82,62,8.23,broken clouds
38,Fairbanks,US,64.8378,-147.7164,52.61,93,100,4.61,light rain
39,Punta Arenas,CL,-53.15,-70.9167,37.51,75,75,8.05,broken clouds
40,Zhigansk,RU,66.7697,123.3711,51.04,87,88,3.69,overcast clouds
41,Mataura,NZ,-46.1927,168.8643,34.48,81,3,6.33,clear sky
42,Dhidhdhoo,MV,6.8833,73.1,80.96,85,96,14.83,overcast clouds
43,Vulcan,RO,45.3833,23.2667,62.55,92,84,3.51,broken clouds
44,Constitucion,CL,-35.3333,-72.4167,55.8,63,0,9.13,clear sky
45,Victoria,HK,22.2855,114.1577,80.65,89,80,11.01,moderate rain
46,Kaitangata,NZ,-46.2817,169.8464,35.67,77,43,8.1,scattered clouds
47,Katsuura,JP,35.1333,140.3,81.07,88,96,19.82,overcast clouds
48,Mount Gambier,AU,-37.8333,140.7667,41.77,96,13,2.73,few clouds
49,Murray,US,40.6669,-111.888,89.85,29,0,4.0,clear sky
50,Elizabeth City,US,36.2946,-76.2511,93.06,62,20,13.8,few clouds
51,Nanortalik,GL,60.1432,-45.2371,45.75,83,100,8.5,overcast clouds
52,Torbay,CA,47.6666,-52.7314,72.28,77,98,16.31,overcast clouds
53,Aykhal,RU,66.0,111.5,44.89,91,100,1.36,overcast clouds
54,Seoul,KR,37.5683,126.9778,78.24,98,100,7.2,light rain
55,Ledyard,US,41.4398,-72.0142,93.27,68,0,12.66,clear sky
56,Taoudenni,ML,22.6783,-3.9836,113.95,7,4,17.34,clear sky
57,Esperance,AU,-33.8667,121.9,52.16,78,84,11.63,broken clouds
58,Guasdualito,VE,7.2424,-70.7324,86.41,68,29,3.09,scattered clouds
59,Russell,US,32.3502,-85.1999,88.92,58,20,5.75,few clouds
60,Tuy Hoa,VN,13.0833,109.3,76.17,88,100,21.34,light rain
61,Caruray,PH,10.3094,119.0128,78.31,86,100,4.9,overcast clouds
62,Batavia,US,41.85,-88.3126,81.79,88,100,17.27,overcast clouds
63,Bethel,US,41.3712,-73.414,93.88,68,75,3.44,broken clouds
64,Jalu,LY,29.0331,21.5482,92.21,23,6,9.55,clear sky
65,Vila Franca Do Campo,PT,37.7167,-25.4333,75.61,82,56,6.22,light rain
66,Bengkulu,ID,-3.8004,102.2655,76.03,89,38,6.82,scattered clouds
67,Anadyr,RU,64.75,177.4833,42.49,75,39,9.55,scattered clouds
68,Prince Rupert,CA,54.3161,-130.3201,58.69,80,1,17.27,clear sky
69,Lompoc,US,34.6391,-120.4579,78.85,71,0,17.0,clear sky
70,Pacific Grove,US,36.6177,-121.9166,72.81,79,0,10.0,clear sky
71,Gao,ML,16.6362,1.637,94.84,33,100,19.89,overcast clouds
72,Tuktoyaktuk,CA,69.4541,-133.0374,55.15,67,100,21.92,overcast clouds
73,Manokwari,ID,-0.8667,134.0833,77.18,82,100,5.57,overcast clouds
74,Longyearbyen,SJ,78.2186,15.6401,51.64,66,75,12.66,broken clouds
75,Darhan,MN,49.4867,105.9228,58.89,83,71,2.1,broken clouds
76,Hilo,US,19.7297,-155.09,81.28,92,100,5.75,moderate rain
77,Clinton,US,42.587,-82.9199,89.62,77,75,9.22,broken clouds
78,San Patricio,US,28.017,-97.5169,93.18,41,38,13.44,scattered clouds
79,Jablah,SY,35.3614,35.9256,78.35,71,0,8.05,clear sky
80,Kapaa,US,22.0752,-159.319,80.11,76,40,12.66,scattered clouds
81,Jamestown,US,42.097,-79.2353,78.53,88,100,14.97,overcast clouds
82,Santa Rosa,PH,14.3122,121.1114,77.09,93,100,4.52,overcast clouds
83,Foam Lake,CA,51.65,-103.5343,80.62,43,1,5.64,clear sky
84,Zeya,RU,53.75,127.2667,52.11,98,100,0.18,overcast clouds
85,Hobart,AU,-42.8794,147.3294,36.05,91,4,8.05,clear sky
86,Rabo De Peixe,PT,37.8,-25.5833,74.71,78,20,6.91,light rain
87,Bagli,IN,22.65,76.35,77.32,86,99,4.5,overcast clouds
88,Severo-Kurilsk,RU,50.6789,156.125,54.81,96,81,13.58,broken clouds
89,Bredasdorp,ZA,-34.5322,20.0403,55.63,93,46,3.78,scattered clouds
90,Lorengau,PG,-2.0226,147.2712,80.64,79,85,9.55,overcast clouds
91,New Norfolk,AU,-42.7826,147.0587,35.71,84,4,2.89,clear sky
92,Osypenko,UA,46.9136,36.8253,80.62,25,0,6.35,clear sky
93,Dingle,PH,10.9995,122.6711,75.13,90,93,1.68,light rain
94,Dongzhen,CN,22.3797,110.9389,77.34,88,51,3.42,broken clouds
95,Hasaki,JP,35.7333,140.8333,81.28,86,81,20.92,broken clouds
96,Korla,CN,41.7597,86.1469,89.02,23,10,2.42,clear sky
97,Kwinana,AU,-32.25,115.7667,51.35,81,65,7.0,moderate rain
98,Mehamn,NO,71.0357,27.8492,51.75,82,75,12.66,broken clouds
99,Lagos,NG,6.5833,3.75,75.96,77,93,7.94,overcast clouds
100,Clyde River,CA,70.4692,-68.5914,46.63,93,100,21.85,fog
101,Verkhnevilyuysk,RU,63.4453,120.3167,54.23,98,100,3.96,overcast clouds
102,Abu Samrah,SY,35.3029,37.1841,78.98,43,0,13.76,clear sky
103,Ambon,ID,-3.6954,128.1814,77.23,15,40,5.75,scattered clouds
104,Vaini,TO,-21.2,-175.2,75.36,94,40,6.91,scattered clouds
105,Kahului,US,20.8947,-156.47,82.42,67,20,17.27,few clouds
106,Pevek,RU,69.7008,170.3133,33.22,86,19,6.93,few clouds
107,Saint-Pierre,RE,-21.3393,55.4781,67.28,78,0,6.91,clear sky
108,Coffs Harbour,AU,-30.3,153.1333,49.96,76,1,8.05,clear sky
109,Chateau-Thierry,FR,49.05,3.4,81.99,25,18,11.63,few clouds
110,Jacqueville,CI,5.2052,-4.4146,76.26,80,96,10.92,overcast clouds
111,Marsh Harbour,BS,26.5412,-77.0636,84.51,72,17,14.14,few clouds
112,Airai,TL,-8.9266,125.4092,57.99,83,43,3.09,scattered clouds
113,Faanui,PF,-16.4833,-151.75,76.51,60,84,16.8,broken clouds
114,Beloha,MG,-25.1667,45.05,66.69,82,28,18.7,scattered clouds
115,Bonavista,CA,48.6499,-53.1147,61.99,71,97,21.0,overcast clouds
116,Isangel,VU,-19.55,169.2667,74.46,86,15,11.03,few clouds
117,Aripuana,BR,-9.1667,-60.6333,95.4,32,43,1.72,scattered clouds
118,Kainantu,PG,-6.2887,145.8655,53.8,91,96,1.88,overcast clouds
119,Anshun,CN,26.25,105.9333,65.79,97,26,3.91,scattered clouds
120,Vila Velha,BR,-20.3297,-40.2925,82.35,73,20,18.41,few clouds
121,Pisco,PE,-13.7,-76.2167,65.01,72,0,10.36,clear sky
122,Luwingu,ZM,-10.2621,29.9271,62.73,37,4,5.35,clear sky
123,Hovd,MN,48.0056,91.6419,71.71,33,82,5.66,broken clouds
124,Ambulu,ID,-8.345,113.6058,75.2,89,100,5.03,overcast clouds
125,Yulara,AU,-25.2406,130.9889,51.89,32,17,10.02,few clouds
126,Provideniya,RU,64.3833,-173.3,37.36,73,88,9.33,overcast clouds
127,Saint George,US,37.1041,-113.5841,98.64,22,0,3.44,clear sky
128,Thompson,CA,55.7435,-97.8558,78.37,42,94,5.91,overcast clouds
129,Brae,GB,60.3964,-1.353,55.96,98,100,13.0,overcast clouds
130,Zhezkazgan,KZ,47.8043,67.7144,69.26,49,99,6.44,light rain
131,Sao Filipe,CV,14.8961,-24.4956,80.08,81,100,9.82,overcast clouds
132,Ilulissat,GL,69.2167,-51.1,44.62,93,75,3.44,light intensity shower rain
133,Padang,ID,-0.9492,100.3543,76.57,84,28,3.56,scattered clouds
134,Sola,VU,-13.8833,167.55,80.37,69,5,3.06,clear sky
135,Port Alfred,ZA,-33.5906,26.891,59.18,97,49,3.09,scattered clouds
136,Kalmar,SE,56.6616,16.3616,67.14,78,75,4.61,broken clouds
137,Mizan Teferi,ET,6.9833,35.5833,62.19,95,100,1.34,overcast clouds
138,Kavaratti,IN,10.5669,72.642,80.64,84,100,21.23,overcast clouds
139,Mutoko,ZW,-17.397,32.2268,58.71,35,0,3.58,clear sky
140,Khatanga,RU,71.9667,102.5,55.38,95,73,7.11,broken clouds
141,Komsomolskiy,UZ,40.4272,71.7189,86.72,21,52,11.5,broken clouds
142,Husavik,IS,66.0449,-17.3389,56.71,62,67,18.45,broken clouds
143,Ilhabela,BR,-23.7781,-45.3581,74.05,74,99,9.62,light rain
144,Carmen,MX,18.6333,-91.8333,82.44,78,75,9.22,broken clouds
145,Leningradskiy,RU,69.3833,178.4167,32.7,88,80,3.56,broken clouds
146,Mackay,AU,-21.15,149.2,47.68,58,0,10.18,clear sky
147,Ribeira Grande,PT,38.5167,-28.7,77.4,78,40,11.5,scattered clouds
148,Sirsa,IN,29.5333,75.0167,88.11,63,53,7.34,broken clouds
149,Madison,US,34.7334,-86.5667,91.94,62,0,5.75,clear sky
150,Merauke,ID,-8.4667,140.3333,74.73,88,67,13.38,broken clouds
151,Iqaluit,CA,63.7506,-68.5145,49.73,71,75,4.61,broken clouds
152,Lebu,CL,-37.6167,-73.65,50.85,73,16,10.4,few clouds
153,Krasnoarmeysk,RU,51.0239,45.6969,71.6,47,46,6.87,scattered clouds
154,Neuquen,AR,-38.9516,-68.0591,46.29,76,75,4.61,broken clouds
155,Nikolskoye,RU,59.7035,30.7861,57.79,94,100,2.75,overcast clouds
156,Norman Wells,CA,65.282,-126.8329,59.04,72,20,5.75,few clouds
157,Katherine,AU,-14.4667,132.2667,70.12,52,2,5.75,clear sky
158,Alice Springs,AU,-23.7,133.8833,41.22,51,0,0.0,clear sky
159,Port Hardy,CA,50.6996,-127.4199,62.78,72,75,11.5,broken clouds
160,College,US,64.8569,-147.8028,51.75,93,100,4.61,light rain
161,Manyana,BW,-23.4,21.7167,57.42,23,1,8.23,clear sky
162,Rio Gallegos,AR,-51.6226,-69.2181,39.2,66,53,12.75,broken clouds
163,Avarua,CK,-21.2078,-159.775,71.65,78,75,12.66,broken clouds
164,Dikson,RU,73.5069,80.5464,42.94,98,100,19.82,overcast clouds
165,Ballina,AU,-28.8667,153.5667,49.78,85,29,11.32,scattered clouds
166,Vao,NC,-22.6667,167.4833,69.67,67,65,17.87,broken clouds
167,Ribeira Brava,PT,32.65,-17.0667,78.71,74,0,2.64,clear sky
168,Huarmey,PE,-10.0681,-78.1522,68.4,67,56,12.01,broken clouds
169,Tasiilaq,GL,65.6145,-37.6368,41.16,97,100,3.47,overcast clouds
170,Sur,OM,22.5667,59.5289,89.6,57,87,8.3,overcast clouds
171,Saint-Philippe,RE,-21.3585,55.7679,67.21,79,43,9.33,scattered clouds
172,Quesnel,CA,52.9999,-122.5029,68.5,40,0,2.3,clear sky
173,Cartagena,CO,10.3997,-75.5144,87.42,70,75,12.66,broken clouds
174,Klaksvik,FO,62.2266,-6.589,52.72,81,71,12.93,broken clouds
175,Upernavik,GL,72.7868,-56.1549,43.09,76,100,5.46,overcast clouds
176,Pinawa,CA,50.1489,-95.8811,79.63,44,19,10.74,few clouds
177,Sao Joao Do Piaui,BR,-8.3581,-42.2467,94.28,24,66,10.36,broken clouds
178,Eirunepe,BR,-6.6603,-69.8736,92.52,45,23,1.36,few clouds
179,Aloleng,PH,16.1307,119.7824,76.17,90,100,8.93,light rain
180,Saint-Augustin,CA,51.226,-58.6502,65.34,48,72,13.78,broken clouds
181,Kanigoro,ID,-8.13,112.219,73.8,88,92,6.98,overcast clouds
182,Carballo,ES,43.213,-8.691,87.22,66,0,11.25,clear sky
183,Chuy,UY,-33.6971,-53.4616,54.63,67,86,9.84,overcast clouds
184,Manta,EC,-0.95,-80.7333,76.78,78,100,11.5,overcast clouds
185,Kenai,US,60.5544,-151.2583,56.08,77,75,23.02,broken clouds
186,Muisne,EC,0.6,-80.0333,75.29,83,99,11.43,overcast clouds
187,Wanaka,NZ,-44.7,169.15,29.1,82,69,3.0,broken clouds
188,Umm Lajj,SA,25.0213,37.2685,90.3,62,42,13.35,moderate rain
189,Sesheke,ZM,-17.4759,24.2968,67.24,19,0,3.58,clear sky
190,Coos Bay,US,43.3665,-124.2179,63.32,91,100,10.36,overcast clouds
191,Ulaangom,MN,49.9811,92.0667,66.65,43,47,5.03,scattered clouds
192,Manavalakurichi,IN,8.1333,77.3,77.94,87,100,15.61,moderate rain
193,Deputatskiy,RU,69.3,139.9,51.91,86,93,2.84,overcast clouds
194,Barranca,PE,-10.75,-77.7667,65.75,70,55,11.1,broken clouds
195,Redmond,US,47.674,-122.1215,86.2,53,0,1.99,clear sky
196,Zemio,CF,5.0314,25.1361,72.73,89,93,2.08,light rain
197,Hithadhoo,MV,-0.6,73.0833,82.15,65,100,2.86,overcast clouds
198,Kieta,PG,-6.2167,155.6333,77.81,84,55,1.36,light rain
199,Castro,BR,-24.7911,-50.0119,64.49,77,100,0.07,overcast clouds
200,Nacala,MZ,-14.5428,40.6728,72.09,74,4,7.18,clear sky
201,Avera,US,33.194,-82.5271,89.65,44,16,3.44,few clouds
202,Mahebourg,MU,-20.4081,57.7,70.09,78,20,5.75,few clouds
203,Qaanaaq,GL,77.484,-69.3632,39.74,58,86,4.29,overcast clouds
204,Morehead,US,37.2711,-87.1764,90.79,65,40,10.36,scattered clouds
205,Talnakh,RU,69.4865,88.3972,60.71,94,42,5.17,light rain
206,Udachnyy,RU,66.4167,112.4,45.82,91,99,1.83,overcast clouds
207,Kallithea,GR,37.95,23.7,87.46,47,20,8.01,few clouds
208,Susuman,RU,62.7833,148.1667,50.68,78,10,5.37,clear sky
209,Florida,US,28.7505,-82.5001,94.82,61,75,3.44,broken clouds
210,Saskylakh,RU,71.9167,114.0833,52.38,87,100,6.78,light rain
211,Rio Pardo,BR,-29.9897,-52.3781,58.84,85,100,10.85,overcast clouds
212,Chatakonda,IN,17.55,80.65,76.15,91,99,10.74,overcast clouds
213,Praia Da Vitoria,PT,38.7333,-27.0667,80.76,73,20,10.38,few clouds
214,Simpang,ID,-1.2667,104.0833,76.3,91,86,2.53,overcast clouds
215,Kondopoga,RU,62.2057,34.2614,60.48,80,100,4.47,overcast clouds
216,San Julian,MX,21.0167,-102.1667,69.57,53,100,5.19,overcast clouds
217,Guadalupe Y Calvo,MX,26.1,-106.9667,73.69,43,88,0.6,overcast clouds
218,Kodiak,US,57.79,-152.4072,58.51,77,100,0.0,overcast clouds
219,Elat,IL,29.5581,34.9482,98.44,28,0,11.5,clear sky
220,Hedaru,TZ,-4.5,37.9,68.79,67,88,6.51,overcast clouds
221,Sterling,US,39.0062,-77.4286,95.52,61,40,8.05,scattered clouds
222,Ornskoldsvik,SE,63.2909,18.7153,59.95,67,20,5.75,few clouds
223,Morant Bay,JM,17.8815,-76.4093,87.42,64,13,11.48,few clouds
224,Tilichiki,RU,60.4667,166.1,52.5,84,68,2.64,broken clouds
225,Piacabucu,BR,-10.4056,-36.4344,78.21,60,50,7.96,scattered clouds
226,Necochea,AR,-38.5473,-58.7368,49.59,62,100,6.89,overcast clouds
227,Cabo San Lucas,MX,22.8909,-109.9124,92.61,67,75,9.22,broken clouds
228,Rawson,AR,-43.3002,-65.1023,46.44,71,95,13.18,overcast clouds
229,Srandakan,ID,-7.9386,110.2506,75.49,86,91,5.28,overcast clouds
230,Half Moon Bay,US,37.4636,-122.4286,77.86,72,100,17.27,overcast clouds
231,Kuusamo,FI,65.9667,29.1833,57.24,62,0,3.44,clear sky
232,Maicao,CO,11.3832,-72.2432,91.4,49,15,16.17,few clouds
233,Le Port,RE,-20.9373,55.2919,67.6,81,52,3.15,broken clouds
234,Pajarito,CO,5.2929,-72.7028,76.96,83,22,4.52,few clouds
235,Asyut,EG,27.181,31.1837,93.15,22,2,10.87,clear sky
236,Grindavik,IS,63.8424,-22.4338,53.55,100,100,23.02,light intensity drizzle
237,Los Llanos De Aridane,ES,28.6585,-17.9182,71.35,73,20,13.8,few clouds
238,Banda Aceh,ID,5.5577,95.3222,79.39,78,100,12.73,light rain
239,Carnarvon,AU,-24.8667,113.6333,63.79,72,5,17.52,clear sky
240,Beringovskiy,RU,63.05,179.3167,46.96,62,95,1.54,overcast clouds
241,Helena,US,46.5927,-112.0361,86.36,24,0,6.91,clear sky
242,Viedma,AR,-40.8135,-62.9967,51.37,56,92,5.91,overcast clouds
243,Conceicao Do Araguaia,BR,-8.2578,-49.2647,102.04,15,53,7.78,broken clouds
244,Laylay,PH,13.4391,121.8202,81.84,77,100,8.7,heavy intensity rain
245,Maldonado,UY,-34.6667,-54.9167,58.39,55,74,11.77,broken clouds
246,Lavumisa,SZ,-27.31,31.892,63.52,79,42,4.47,light rain
247,Cap Malheureux,MU,-19.9842,57.6142,67.46,76,16,1.01,few clouds
248,Preobrazheniye,RU,42.9019,133.9064,69.73,73,86,6.93,overcast clouds
249,Port Elizabeth,ZA,-33.918,25.5701,62.1,98,0,1.14,clear sky
250,Bilibino,RU,68.0546,166.4372,42.39,69,52,3.53,broken clouds
251,Paamiut,GL,61.994,-49.6678,41.32,93,91,22.26,overcast clouds
252,Port Blair,IN,11.6667,92.75,82.44,78,40,8.05,mist
253,Raudeberg,NO,61.9875,5.1352,60.96,71,100,24.11,light rain
254,East London,ZA,-33.0153,27.9116,61.74,94,20,6.91,few clouds
255,Karari,IN,25.45,81.4333,88.52,59,52,7.45,broken clouds
256,Pestovo,RU,58.5938,35.8024,58.57,67,77,2.91,broken clouds
257,Orlik,RU,52.5178,99.825,48.7,85,70,2.24,broken clouds
258,Kavieng,PG,-2.5744,150.7967,80.83,79,73,10.96,light rain
259,Spring Hill,US,28.4769,-82.5255,93.15,64,68,3.0,broken clouds
260,San Cristobal,VE,7.7669,-72.225,89.78,43,6,8.59,clear sky
261,Lampang,TH,18.3333,99.5,77.27,99,100,2.82,light rain
262,Sangar,RU,63.9242,127.4739,52.12,88,37,1.5,scattered clouds
263,Antsohihy,MG,-14.8796,47.9875,72.16,62,16,8.16,few clouds
264,Punto Fijo,VE,11.6956,-70.1996,88.3,54,2,28.27,clear sky
265,Sibolga,ID,1.7427,98.7792,76.21,85,98,3.33,overcast clouds
266,Awbari,LY,26.5921,12.7805,94.41,13,0,8.66,clear sky
267,Manono,CD,-7.3,27.4167,81.18,25,8,7.09,clear sky
268,Grants,US,35.1473,-107.8514,77.23,38,0,5.75,clear sky
269,Tadine,NC,-21.55,167.8833,70.83,77,92,14.54,overcast clouds
270,Wattwil,CH,47.3023,9.0876,74.95,71,2,4.85,clear sky
271,Xinpu,CN,34.5997,119.1594,80.67,93,100,3.71,overcast clouds
272,Walajapet,IN,12.9333,79.3833,80.69,64,99,15.41,overcast clouds
273,Vanavara,RU,60.34,102.2797,52.16,86,62,3.22,broken clouds
274,Saint Anthony,US,45.0205,-93.218,74.25,62,40,9.22,scattered clouds
275,Hanzhong,CN,33.0728,107.0303,77.4,88,100,1.45,overcast clouds
276,Porto Novo,BJ,6.4965,2.6036,76.82,74,95,10.07,overcast clouds
277,Sitka,US,57.0531,-135.33,57.09,82,75,3.44,broken clouds
278,Swan Hill,AU,-35.3378,143.5544,39.97,86,1,6.02,clear sky
279,Bombay,IN,19.0144,72.8479,80.58,94,100,8.05,light intensity drizzle
280,Ahipara,NZ,-35.1667,173.1667,51.15,88,50,1.14,scattered clouds
281,Mareeba,AU,-17.0,145.4333,65.48,89,86,3.02,overcast clouds
282,Kyzyl-Suu,KG,42.3414,78.0056,61.27,69,4,2.44,clear sky
283,Mirnyy,RU,62.5353,113.9611,50.23,93,81,4.0,broken clouds
284,Mitsamiouli,KM,-11.3847,43.2844,75.79,67,34,5.53,scattered clouds
285,Mount Isa,AU,-20.7333,139.5,55.17,33,0,4.61,clear sky
286,Terrace Bay,CA,48.7834,-87.1,59.41,69,64,5.79,broken clouds
287,Paraiso,CR,9.8383,-83.8656,74.26,89,99,3.6,overcast clouds
288,Dayong,CN,25.0209,118.2898,77.36,92,5,1.81,clear sky
289,Devils Lake,US,48.1128,-98.8651,78.91,64,0,13.8,clear sky
290,Shipunovo,RU,52.1582,82.2173,65.25,53,92,8.3,overcast clouds
291,Cherskiy,RU,68.75,161.3,47.77,55,68,6.15,broken clouds
292,Ancud,CL,-41.8697,-73.8203,50.23,69,36,6.24,scattered clouds
293,Ostersund,SE,63.1792,14.6357,64.85,45,11,2.3,few clouds
294,Nedjo,ET,9.5046,35.5019,58.62,97,98,3.36,light rain
295,Bethlehem,BR,-1.4558,-48.5044,91.44,49,40,9.22,scattered clouds
296,Hofn,IS,64.2539,-15.2082,51.82,87,100,13.8,overcast clouds
297,Aklavik,CA,68.2191,-135.0107,60.13,62,82,15.35,broken clouds
298,Guerrero Negro,MX,27.9769,-114.0611,83.1,58,30,8.9,scattered clouds
299,Arman,RU,59.7,150.1667,53.31,81,58,3.11,broken clouds
300,Okha,RU,53.5739,142.9478,54.32,99,100,13.96,light rain
301,Ust-Kan,RU,50.9276,84.761,52.32,89,71,1.14,broken clouds
302,Acapulco,MX,16.8634,-99.8901,87.62,66,40,4.61,scattered clouds
303,Kyshtovka,RU,56.555,76.6271,57.67,89,70,8.05,broken clouds
304,Kindu,CD,-2.95,25.95,79.0,34,15,0.63,few clouds
305,Westport,US,41.1415,-73.3579,95.27,61,0,10.36,thunderstorm
306,Miraflores,MX,19.2167,-98.8083,70.03,59,65,2.28,broken clouds
307,Narsaq,GL,60.9167,-46.05,59.22,68,100,6.67,overcast clouds
308,Belaya Gora,RU,68.5333,146.4167,60.1,61,58,5.19,broken clouds
309,Atuona,PF,-9.8,-139.0333,77.32,72,9,13.38,clear sky
310,Geraldton,AU,-28.7667,114.6,57.61,58,40,17.27,scattered clouds
311,Prachuap Khiri Khan,TH,12.2167,99.75,70.97,91,100,7.92,light rain
312,Lavrentiya,RU,65.5833,-171.0,38.44,83,100,10.89,overcast clouds
313,Anito,PH,12.4497,125.2886,76.55,89,99,3.2,overcast clouds
314,Capitao Poco,BR,-1.7464,-47.0594,92.68,42,18,3.98,few clouds
315,Cabo Rojo,PR,18.0866,-67.1457,92.05,73,44,1.99,scattered clouds
316,Chernyshevskiy,RU,63.0128,112.4714,46.18,97,39,3.83,scattered clouds
317,Ust-Maya,RU,60.4167,134.5333,60.22,68,99,11.1,overcast clouds
318,Ixtapa,MX,20.7,-105.2,88.23,66,100,5.01,overcast clouds
319,Rio Grande,BR,-32.035,-52.0986,62.71,76,72,13.96,broken clouds
320,Panaba,MX,21.2833,-88.2667,95.56,40,70,3.13,broken clouds
321,Mayo,US,38.8876,-76.5119,95.45,70,0,11.5,clear sky
322,Adilabad,IN,19.6667,78.5333,75.29,93,100,14.9,moderate rain
323,Boa Vista,BR,2.8197,-60.6733,93.18,43,40,8.05,scattered clouds
324,Fortuna,US,40.5982,-124.1573,66.92,80,100,5.75,overcast clouds
325,Bara,NG,10.3744,10.7288,73.72,91,95,4.74,overcast clouds
326,Honiara,SB,-9.4333,159.95,76.15,89,68,3.49,broken clouds
327,Shache,CN,38.4167,77.2406,81.19,42,60,9.06,broken clouds
328,Zambezi,ZM,-13.5432,23.1047,68.36,23,1,5.77,clear sky
329,Olafsvik,IS,64.8945,-23.7142,51.94,93,94,16.37,overcast clouds
330,Nhulunbuy,AU,-12.2333,136.7667,74.01,88,11,8.05,few clouds
331,Shestakovo,RU,56.4915,103.96,54.9,95,88,3.44,overcast clouds
332,Hailar,CN,49.2,119.7,55.11,60,38,12.62,scattered clouds
333,Mamlyutka,KZ,54.9375,68.5394,60.21,75,45,8.14,scattered clouds
334,Linkou,CN,45.3,130.2833,55.26,88,0,6.49,clear sky
335,Luderitz,NA,-26.6481,15.1594,58.96,68,53,6.06,broken clouds
336,Cidreira,BR,-30.1811,-50.2056,58.62,91,100,13.89,overcast clouds
337,Oktyabrskiy,RU,54.4815,53.471,68.34,73,94,1.66,overcast clouds
338,Maragogi,BR,-9.0122,-35.2225,78.62,63,30,8.43,scattered clouds
339,Codrington,AU,-38.2667,141.9667,44.58,78,88,5.86,overcast clouds
340,Bang Saphan,TH,11.2126,99.5117,75.18,91,100,5.17,overcast clouds
341,Homer,US,59.6425,-151.5483,55.29,83,100,8.01,overcast clouds
342,Hays,US,30.0502,-98.0336,97.3,48,15,1.01,few clouds
343,Phalia,PK,32.4297,73.5775,89.2,62,10,4.29,clear sky
344,Itoman,JP,26.1247,127.6694,84.97,82,40,4.61,scattered clouds
345,Hami,CN,42.8,93.45,87.64,23,0,10.87,clear sky
346,Russellville,US,35.2784,-93.1338,97.18,51,0,4.61,clear sky
347,Panama City,PA,8.9936,-79.5197,87.75,73,40,5.75,scattered clouds
348,Oistins,BB,13.0667,-59.5333,86.09,84,40,20.71,scattered clouds
349,Townsville,AU,-19.25,146.8,58.08,77,43,6.91,scattered clouds
350,Fallon,US,39.4735,-118.7774,90.45,17,0,0.0,clear sky
351,Marovoay,MG,-16.1,46.6333,76.14,49,41,9.78,scattered clouds
352,Paita,PE,-5.0892,-81.1144,69.96,69,10,14.41,clear sky
353,Boende,CD,-0.2167,20.8667,79.02,59,28,2.01,scattered clouds
354,Harper,LR,4.375,-7.7169,75.33,78,95,8.08,overcast clouds
355,Massaguet,TD,12.4755,15.4365,83.79,60,91,1.61,overcast clouds
356,Kirgiz-Miyaki,RU,53.6324,54.7979,66.69,85,98,1.86,overcast clouds
357,Pueblo,US,38.2545,-104.6091,82.42,63,0,8.05,clear sky
358,Kaduqli,SD,11.0167,29.7167,71.83,93,100,4.61,light rain
359,Bathsheba,BB,13.2167,-59.5167,86.61,94,40,20.71,scattered clouds
360,Vardo,NO,70.3705,31.1107,51.78,76,75,9.22,broken clouds
361,Cloquet,US,46.7216,-92.4594,70.86,65,1,1.99,clear sky
362,Maumere,ID,-8.6199,122.2111,77.31,83,44,5.79,light rain
363,Sistranda,NO,63.7256,8.834,58.96,80,93,3.89,overcast clouds
364,Foumban,CM,5.7291,10.9001,65.03,95,96,1.9,moderate rain
365,Poum,NC,-20.2333,164.0167,71.89,74,58,20.76,broken clouds
366,Namibe,AO,-15.1961,12.1522,64.53,84,50,4.09,scattered clouds
367,Owensboro,US,37.7742,-87.1133,90.18,66,40,12.66,scattered clouds
368,Smithers,CA,54.7804,-127.1743,61.12,51,0,4.61,clear sky
369,Corsicana,US,32.0954,-96.4689,97.57,39,0,9.22,clear sky
370,Lubawa,PL,53.5043,19.7497,66.4,66,48,6.4,scattered clouds
371,Oshawa,CA,43.9001,-78.8496,82.62,79,75,18.41,broken clouds
372,Souillac,MU,-20.5167,57.5167,70.18,78,20,5.75,few clouds
373,Meulaboh,ID,4.1363,96.1285,76.17,87,68,4.03,broken clouds
374,Kysyl-Syr,RU,63.8986,122.7617,52.52,94,95,4.09,overcast clouds
375,Adamas,GR,36.7333,24.4333,76.64,78,0,7.23,clear sky
376,Debica,PL,50.0515,21.4114,70.5,55,90,5.64,overcast clouds
377,Emba,KZ,48.8264,58.1442,76.15,45,96,12.41,overcast clouds
378,Porbandar,IN,21.6422,69.6093,80.29,93,100,16.13,overcast clouds
379,Sabana De Torres,CO,7.3915,-73.4957,88.41,59,32,3.29,scattered clouds
380,Pemba,MZ,-12.974,40.5178,75.9,78,20,11.5,few clouds
381,Nouadhibou,MR,20.931,-17.0347,75.06,83,7,8.86,clear sky
382,Digha,IN,21.6833,87.55,82.45,84,85,17.81,overcast clouds
383,Makaryev,RU,57.8797,43.8069,60.1,97,49,7.05,scattered clouds
384,Diebougou,BF,10.9667,-3.25,85.24,63,68,3.96,broken clouds
385,Gat,IL,31.61,34.7642,81.81,100,0,7.81,clear sky
386,Arkhara,RU,49.4212,130.0842,52.75,95,64,6.53,broken clouds
387,Port Hawkesbury,CA,45.6169,-61.3485,71.44,68,40,11.01,scattered clouds
388,Sao Jose Da Coroa Grande,BR,-8.8978,-35.1478,78.87,61,25,9.04,scattered clouds
389,Haines Junction,CA,60.7522,-137.5108,57.15,51,100,4.61,overcast clouds
390,Nago,JP,26.5881,127.9761,85.05,79,5,8.03,clear sky
391,Birao,CF,10.2849,22.7882,74.14,88,34,5.41,scattered clouds
392,Fez,MA,34.0372,-4.9998,88.05,28,20,9.22,few clouds
393,Ossora,RU,59.2353,163.0719,55.42,83,10,3.38,clear sky
394,Tiksi,RU,71.6872,128.8694,48.27,97,100,1.57,light rain
395,Trinidad,BO,-14.8333,-64.9,89.58,58,20,4.61,few clouds
396,Kindersley,CA,51.4668,-109.1682,84.22,32,0,19.57,clear sky
397,Toowoomba,AU,-27.55,151.9667,40.24,84,0,2.55,clear sky
398,Huilong,CN,31.8111,121.655,83.93,82,94,16.49,overcast clouds
399,Alyangula,AU,-13.8483,136.4192,74.84,63,6,15.43,clear sky
400,San Jeronimo,PE,-11.9472,-75.2829,60.71,42,75,4.97,broken clouds
401,Faya,SA,18.3851,42.4509,68.11,72,92,2.3,overcast clouds
402,Sorong,ID,-0.8833,131.25,77.5,86,100,0.72,overcast clouds
403,Ocala,US,29.1872,-82.1401,95.04,54,75,6.91,broken clouds
404,Cururupu,BR,-1.8283,-44.8683,87.67,54,37,6.4,scattered clouds
405,Alekseyevsk,RU,57.8406,108.3492,49.3,93,100,3.09,overcast clouds
406,Hirado,JP,33.3597,129.5531,80.38,85,96,11.79,overcast clouds
407,Bereda,ES,43.2686,-7.5406,73.42,64,0,7.02,clear sky
408,Port-Gentil,GA,-0.7193,8.7815,75.16,78,75,9.22,broken clouds
409,Northam,GB,51.0333,-4.2167,72.61,64,0,6.78,clear sky
410,Bilma,NE,18.6853,12.9164,94.66,33,52,11.86,broken clouds
411,Salalah,OM,17.0151,54.0924,76.51,95,99,4.9,overcast clouds
412,Parry Sound,CA,45.3501,-80.033,68.05,88,100,3.13,overcast clouds
413,Ellensburg,US,46.9965,-120.5479,92.46,36,0,4.61,clear sky
414,Muros,ES,42.7762,-9.0603,88.68,74,29,1.97,scattered clouds
415,Te Anau,NZ,-45.4167,167.7167,21.06,97,85,1.81,overcast clouds
416,Dongkan,CN,33.9997,119.8308,80.42,90,100,8.88,overcast clouds
417,Acarau,BR,-2.8856,-40.12,86.4,54,17,18.77,few clouds
418,Ruidoso,US,33.3317,-105.673,77.86,43,7,16.11,clear sky
419,Sokur,RU,55.2093,83.319,61.16,93,83,6.78,light rain
420,Pingzhuang,CN,42.0372,119.2889,68.95,47,99,4.45,overcast clouds
421,Escarcega,MX,18.6089,-90.7454,93.88,39,91,4.09,overcast clouds
422,Kitimat,CA,54.0524,-128.6534,68.92,58,4,3.96,clear sky
423,Paso De Carrasco,UY,-34.8603,-56.0522,57.65,80,20,13.8,few clouds
424,Coquimbo,CL,-29.9533,-71.3436,60.53,51,0,13.8,clear sky
425,Puerto Suarez,BO,-18.95,-57.8,80.96,78,75,16.11,broken clouds
426,Mayumba,GA,-3.432,10.6554,69.85,91,99,5.68,overcast clouds
427,Sawakin,SD,19.1059,37.3321,92.77,48,43,20.76,scattered clouds
428,Hoquiam,US,46.9809,-123.8893,62.58,87,100,5.75,overcast clouds
429,Ocampo,MX,21.65,-101.5,72.75,36,99,13.44,overcast clouds
430,Cayenne,GF,4.9333,-52.3333,87.84,5,75,10.36,broken clouds
431,Warman,CA,52.3168,-106.5679,82.09,47,20,11.5,few clouds
432,Yambio,SS,4.5721,28.3955,69.98,93,67,2.42,broken clouds
433,Anloga,GH,5.7947,0.8973,75.42,79,42,13.2,scattered clouds
434,Kiama,AU,-34.6833,150.8667,54.0,78,20,5.99,light rain
435,Cockburn Town,TC,21.4612,-71.1419,85.96,70,75,18.41,broken clouds
436,Finschhafen,PG,-6.6024,147.8681,78.6,76,78,6.91,broken clouds
437,Moerai,PF,-22.4333,-151.3333,70.93,71,100,28.03,light rain
438,Corning,US,42.1428,-77.0547,91.63,48,75,14.97,broken clouds
439,Ban Nahin,LA,18.2418,104.2122,74.68,98,98,2.21,light rain
440,Opatija,HR,45.3392,14.3083,83.08,70,41,8.05,scattered clouds
441,Luanda,AO,-8.8368,13.2343,69.8,78,75,4.61,broken clouds
442,Agadez,NE,19.75,10.25,102.42,16,42,13.67,scattered clouds
443,Mitu,CO,1.1983,-70.1733,91.06,49,77,3.2,broken clouds
444,Alta Floresta,BR,-9.8756,-56.0861,75.02,94,75,5.75,broken clouds
445,Ojinaga,MX,29.5667,-104.4167,94.41,38,40,5.75,scattered clouds
446,Pemberton,CA,50.3164,-122.8027,87.21,40,0,0.56,clear sky
447,Batagay-Alyta,RU,67.8006,130.4114,52.18,83,93,4.25,overcast clouds
448,Emerald,AU,-23.5333,148.1667,48.78,63,0,9.8,clear sky
449,Yartsevo,RU,55.0667,32.6964,57.79,74,73,2.84,broken clouds
450,Gamba,GA,-2.65,10.0,71.13,86,99,6.29,overcast clouds
451,Palana,RU,59.1167,159.9667,48.69,78,100,0.04,overcast clouds
452,Mesyagutovo,RU,55.5303,58.2528,65.55,88,92,0.74,overcast clouds
453,Kumano,JP,34.3442,132.5894,76.42,89,99,3.78,overcast clouds
454,Hambantota,LK,6.1241,81.1185,78.39,82,97,15.46,overcast clouds
455,High Level,CA,58.5169,-117.136,62.71,67,75,11.5,light rain
456,Vestmannaeyjar,IS,63.4427,-20.2734,52.79,93,100,25.32,mist
457,Magan,ES,39.9683,-3.931,99.32,11,0,6.31,clear sky
458,Buala,SB,-8.145,159.5921,78.48,83,85,4.94,light rain
459,Baijiantan,CN,45.6333,85.1833,86.38,32,100,5.66,overcast clouds
460,Brokopondo,SR,4.75,-55.1667,87.96,50,75,2.06,broken clouds
461,Fengcheng,CN,40.4536,124.0717,64.44,71,81,5.35,broken clouds
462,Ciudad Bolivar,VE,8.1222,-63.5497,92.55,47,69,7.29,broken clouds
463,Tiznit,MA,29.5833,-9.5,77.81,37,0,7.85,clear sky
464,Chapais,CA,49.7834,-74.8492,60.58,42,98,3.94,overcast clouds
465,Takoradi,GH,4.8845,-1.7554,76.14,78,70,11.74,broken clouds
466,Galesong,ID,-5.3166,119.3661,75.22,81,36,5.77,scattered clouds
467,San Francisco,US,37.7749,-122.4194,79.03,74,75,17.27,broken clouds
468,Hualmay,PE,-11.0964,-77.6139,66.15,70,49,11.21,scattered clouds
469,Polson,US,47.6936,-114.1632,88.21,38,0,0.89,clear sky
470,Flin Flon,CA,54.7682,-101.865,73.24,53,75,19.57,broken clouds
471,Sabang,ID,5.8933,95.3214,82.49,77,100,20.18,overcast clouds
472,Ewa Beach,US,21.3156,-158.0072,82.35,62,0,11.5,clear sky
473,Kemijarvi,FI,66.7131,27.4306,54.68,71,73,0.56,broken clouds
474,Spitsevka,RU,45.1231,42.5125,72.01,41,1,7.96,clear sky
475,Lokosovo,RU,61.1333,74.8167,64.56,82,4,6.96,light rain
476,Pitimbu,BR,-7.4706,-34.8086,82.99,70,25,15.9,scattered clouds
477,Savannakhet,LA,16.566,104.751,75.18,95,100,12.03,light rain
478,Aksha,RU,50.2814,113.2867,48.83,60,0,5.14,clear sky
479,West Lafayette,US,40.4259,-86.9081,87.01,70,0,8.05,clear sky
480,Nueva Loja,EC,0.0847,-76.8828,84.22,61,75,4.61,broken clouds
481,Tymovskoye,RU,50.8456,142.655,60.55,99,100,3.62,overcast clouds
482,Islahiye,TR,37.025,36.6306,73.76,86,2,6.87,clear sky
483,Dakar,SN,14.6937,-17.4441,86.88,79,20,4.61,few clouds
484,Spornoye,RU,50.8448,37.2913,74.84,47,57,7.36,broken clouds
485,Hamilton,US,39.1834,-84.5333,91.74,67,75,12.66,broken clouds
486,Darab,IR,28.7519,54.5444,96.03,15,1,7.0,clear sky
487,Coihaique,CL,-45.5752,-72.0662,46.35,49,100,0.0,overcast clouds
488,Williston,US,48.147,-103.618,91.81,37,0,4.0,clear sky
489,Maceio,BR,-9.6658,-35.7353,83.64,57,20,11.5,few clouds
490,La Rioja,ES,42.25,-2.5,82.18,37,82,5.59,light rain
491,Klyuchi,RU,52.2667,79.1667,66.18,58,98,7.54,overcast clouds
492,Mannarakkat,IN,10.9833,76.4667,73.94,94,100,8.57,overcast clouds
493,Goderich,CA,43.7501,-81.7165,77.92,88,97,13.8,overcast clouds
494,Wajir,KE,1.7471,40.0573,84.16,37,0,0.0,clear sky
495,Oksfjord,NO,70.2396,22.3479,55.47,88,100,5.41,overcast clouds
496,Ipixuna,BR,-1.7625,-48.8043,95.58,31,67,3.69,broken clouds
497,La Ronge,CA,55.1001,-105.2842,77.22,46,75,16.11,broken clouds
498,Qixia,CN,37.2975,120.8256,75.27,98,89,4.09,light rain
499,Ponta Do Sol,PT,32.6667,-17.1,78.71,74,0,2.04,clear sky
500,Zhaotong,CN,27.3167,103.7167,63.07,88,52,1.03,broken clouds
501,Ohara,JP,35.25,140.3833,80.58,88,93,19.73,overcast clouds
502,Kutum,SD,14.2,24.6667,77.31,62,88,10.2,light rain
503,Hilton Head Island,US,32.2163,-80.7526,88.99,75,20,3.44,few clouds
504,Hope,US,33.6671,-93.5916,99.99,40,64,4.47,broken clouds
505,Bhakkar,PK,31.6253,71.0657,99.28,37,16,10.8,few clouds
506,Sambava,MG,-14.2667,50.1667,71.42,81,54,13.22,broken clouds
507,Uyuni,BO,-20.4597,-66.825,48.52,7,0,20.15,clear sky
508,Houma,US,29.5958,-90.7195,89.6,62,40,11.5,scattered clouds
509,San Miguel,SV,13.4833,-88.1833,89.2,72,0,5.75,clear sky
510,Siocon,PH,7.7061,122.1353,77.79,89,100,7.76,moderate rain
511,Ternate,ID,0.8,127.4,78.87,84,95,7.4,overcast clouds
512,Jieshi,CN,22.8134,115.8257,81.79,83,97,16.82,moderate rain
513,Alofi,NU,-19.0595,-169.9187,76.35,75,4,20.22,clear sky
514,Ayutla,MX,20.1167,-104.3333,75.52,68,77,2.33,broken clouds
515,Marzuq,YE,14.4,46.4667,78.48,70,31,5.86,light rain
516,Gilbues,BR,-9.8317,-45.3439,95.77,19,62,9.08,broken clouds
517,Yen Bai,VN,21.7,104.8667,75.74,97,50,2.39,scattered clouds
518,Dukat,RU,62.55,155.55,54.5,84,41,5.64,scattered clouds
519,New Scone,GB,56.4194,-3.4051,69.26,72,79,5.01,broken clouds
520,Kedrovyy,RU,56.1667,91.8167,52.21,77,26,2.68,scattered clouds
521,Ketchikan,US,55.3422,-131.6461,63.07,63,20,10.36,few clouds
522,Vzmorye,RU,54.6961,20.2361,66.0,73,40,5.64,scattered clouds
523,Tigil,RU,57.8,158.6667,50.99,73,43,0.65,scattered clouds
524,Presidencia Roque Saenz Pena,AR,-26.7852,-60.4388,62.82,61,88,10.96,overcast clouds
525,Moranbah,AU,-22.0016,148.0466,49.96,52,0,8.23,clear sky
526,Lakatoro,VU,-16.0999,167.4164,77.32,84,1,6.46,clear sky
527,Miri,MY,4.4148,114.0089,78.94,94,20,3.44,few clouds
528,Riyadh,SA,24.6877,46.7219,104.14,18,33,12.68,scattered clouds
529,Havelock,US,34.8791,-76.9013,93.15,70,40,13.8,scattered clouds
530,West Wendover,US,40.7391,-114.0733,79.81,41,0,5.75,clear sky
531,Broome,US,42.2506,-75.833,91.54,60,40,10.36,scattered clouds
532,Altamira,BR,-3.2033,-52.2064,98.69,41,40,5.75,scattered clouds
533,Marrakesh,MA,31.6315,-8.0083,95.07,24,0,10.36,clear sky
534,Yerofey Pavlovich,RU,53.9667,121.9667,51.24,82,100,9.8,overcast clouds
535,Gorontalo,ID,0.5412,123.0595,74.52,95,99,3.0,overcast clouds
536,Yerbogachen,RU,61.2767,108.0108,48.49,96,100,3.44,overcast clouds
537,Yeniseysk,RU,58.4497,92.1703,57.58,79,50,3.02,scattered clouds
538,Jacareacanga,BR,-6.2222,-57.7528,97.03,31,30,3.8,scattered clouds
539,Makat,KZ,47.6469,53.3463,88.56,26,74,10.8,broken clouds
540,Bama,NG,11.5221,13.6856,78.8,69,95,1.28,overcast clouds
541,Taber,CA,49.8167,-112.1518,88.0,22,2,9.22,clear sky
542,Nantucket,US,41.2835,-70.0995,87.91,79,0,18.41,clear sky
543,Daru,PG,-9.0763,143.2092,76.53,84,87,15.23,overcast clouds
544,Humaita,BR,-7.5061,-63.0208,98.62,33,24,1.48,few clouds
545,Margate,GB,51.3813,1.3862,71.31,77,7,4.0,clear sky
546,Honningsvag,NO,70.9821,25.9704,51.55,76,100,11.5,overcast clouds
547,Novaya Malykla,RU,54.2,49.95,71.69,66,89,4.94,overcast clouds
548,Kargasok,RU,59.0556,80.8572,58.37,72,66,6.55,broken clouds
549,Puri,IN,19.8,85.85,81.12,87,99,17.45,overcast clouds
550,Belomorsk,RU,64.5232,34.7668,59.34,62,100,5.03,overcast clouds
551,Glossa,GR,35.4717,23.7763,83.08,65,0,1.72,clear sky
552,Bodo,NO,67.28,14.405,57.94,78,75,3.44,broken clouds
553,Berlevag,NO,70.8578,29.0864,51.8,76,100,17.27,overcast clouds
554,Sirari,TZ,-1.2333,34.4333,65.82,68,76,1.77,broken clouds
555,Garowe,SO,8.4054,48.4845,83.32,40,63,20.38,broken clouds
556,Coxim,BR,-18.5067,-54.76,88.39,40,94,7.05,overcast clouds
557,Madang,PG,-5.2246,145.7966,76.73,85,88,5.12,overcast clouds
558,Havre-Saint-Pierre,CA,50.2334,-63.5986,66.56,52,0,14.97,clear sky
559,Gazojak,TM,41.1875,61.4036,85.08,21,38,14.27,scattered clouds
560,Wanxian,CN,30.8039,108.3897,83.95,82,100,3.24,overcast clouds
561,Okhotsk,RU,59.3833,143.3,56.61,83,100,13.49,overcast clouds
562,Turki,RU,51.987,43.2731,69.17,51,15,8.05,few clouds
563,Rzeszow,PL,50.0413,21.999,68.63,53,0,9.22,clear sky
564,Eureka,US,40.8021,-124.1637,68.2,80,11,1.01,few clouds
565,Launceston,AU,-41.45,147.1667,36.16,94,7,4.61,clear sky
566,Veisiejai,LT,54.1,23.7,61.29,76,65,5.12,broken clouds
567,San Rafael Del Sur,NI,11.8485,-86.4384,81.57,65,98,12.5,overcast clouds
568,Sovetskiy,RU,61.3614,63.5842,71.46,56,62,3.49,broken clouds
569,Minokamo,JP,35.482,137.0217,81.37,94,75,1.14,broken clouds
570,Mwense,ZM,-10.3845,28.698,69.1,35,9,5.86,clear sky
571,Biltine,TD,14.5333,20.9167,85.28,59,88,10.8,light rain
572,Vite,IN,17.2833,74.55,70.32,96,100,20.02,overcast clouds
573,Almunecar,ES,36.7339,-3.6907,92.43,66,0,0.31,clear sky
574,Along,IN,28.1667,94.7667,77.74,95,69,1.95,broken clouds
575,Vernon,CA,50.2581,-119.2691,92.23,30,0,2.3,clear sky
576,Labuhan,ID,-6.8844,112.2051,76.95,83,50,7.16,scattered clouds
577,Onguday,RU,50.75,86.15,55.74,83,77,1.34,broken clouds
578,Parchim,DE,53.4263,11.8488,72.72,55,58,8.84,broken clouds
579,Lobva,RU,59.1854,60.5185,67.37,86,94,1.68,light rain
580,Andijon,UZ,40.7821,72.3442,85.28,24,42,2.86,scattered clouds
581,Tambovka,RU,50.0969,128.0489,52.16,91,55,7.52,broken clouds
582,Agustin Codazzi,CO,10.0341,-73.2361,97.72,38,13,4.38,few clouds
583,Bamnet Narong,TH,15.4992,101.6897,73.6,95,100,10.56,light rain
584,Yuancheng,CN,36.652,107.7896,76.23,78,43,4.16,scattered clouds
585,Ranipur,PK,27.2879,68.5051,92.57,61,96,7.92,overcast clouds
586,Cavalcante,BR,-13.7975,-47.4583,90.97,20,23,7.29,few clouds
587,Jumla,NP,29.2747,82.1838,63.95,89,88,2.06,overcast clouds
588,Miloslavskoye,RU,53.5815,39.4399,76.01,38,35,5.01,heavy intensity rain
589,Vestmanna,FO,62.1564,-7.1664,50.92,100,100,11.5,overcast clouds
590,Monrovia,LR,6.3005,-10.7969,76.77,76,91,10.31,overcast clouds
591,Alvinopolis,BR,-20.1067,-43.0489,83.46,31,99,6.06,overcast clouds
592,Bosaso,SO,11.2842,49.1816,88.3,55,56,3.36,broken clouds
593,Qaqortoq,GL,60.7167,-46.0333,46.8,73,100,6.38,overcast clouds
594,Pemangkat,ID,1.1667,108.9667,78.98,83,10,6.06,clear sky
595,Wum,CM,6.3833,10.0667,66.51,96,99,1.07,moderate rain
596,Gerash,IR,27.6652,54.1371,95.14,28,2,4.54,clear sky
597,Cabral,DO,18.25,-71.2167,89.46,70,75,16.11,broken clouds
598,Koceljeva,RS,44.4736,19.8117,80.37,39,38,9.93,scattered clouds
599,Kota Kinabalu,MY,5.9749,116.0724,78.78,94,20,3.44,few clouds
600,Yokadouma,CM,3.5167,15.05,73.49,82,37,2.3,scattered clouds
601,Mashhad,IR,36.297,59.6062,80.74,41,0,0.0,clear sky
602,Palmer,US,42.1584,-72.3287,95.77,54,40,12.66,scattered clouds
603,Bayji,IQ,34.9311,43.487,96.26,13,0,10.2,clear sky
604,Kolda,SN,12.8833,-14.95,91.71,70,75,4.61,broken clouds
605,Kaeo,NZ,-35.1,173.7833,50.32,96,65,3.89,broken clouds
606,Bristol,US,41.8334,-71.1662,98.08,63,0,14.97,clear sky
607,Riohacha,CO,11.5444,-72.9072,92.98,51,1,16.71,clear sky
608,Casablanca,MA,33.5928,-7.6192,80.82,64,20,9.22,few clouds
609,Lebowakgomo,ZA,-24.2,29.5,68.9,16,0,10.22,clear sky
610,Atoyac,MX,20.0167,-103.5333,79.12,62,81,3.65,broken clouds
611,Bam,IR,29.106,58.357,94.42,13,0,7.7,clear sky
612,Turukhansk,RU,65.8167,87.9833,59.43,91,26,8.52,scattered clouds
613,Ambovombe,MG,-25.1667,46.0833,67.66,84,17,20.2,few clouds
614,Tautira,PF,-17.7333,-149.15,74.86,61,93,15.86,overcast clouds
615,Imeni Poliny Osipenko,RU,52.4201,136.4853,55.63,98,86,4.76,overcast clouds
616,Puerto Leguizamo,CO,-0.1934,-74.7819,85.46,66,86,1.3,overcast clouds
617,Taga,RO,46.95,24.05,73.72,92,85,1.88,heavy intensity rain
618,Bendigo,AU,-36.7667,144.2833,35.64,51,2,4.97,clear sky
619,Storozhevaya,RU,43.8789,41.4514,57.81,84,23,4.27,few clouds
620,Nalut,LY,30.3333,10.85,90.88,18,0,13.91,clear sky
621,Saposoa,PE,-6.934,-76.7716,88.61,47,17,3.67,few clouds
622,Guamuchil,MX,25.4667,-108.1,87.75,45,94,2.28,overcast clouds
623,Wladyslawowo,PL,54.7909,18.4009,67.01,72,42,3.65,scattered clouds
624,Cam Ranh,VN,11.9214,109.1591,78.76,83,40,3.44,scattered clouds
625,Sitia,GR,35.2,26.0986,82.98,82,1,9.95,clear sky
626,Beira,MZ,-19.8436,34.8389,66.29,88,0,4.61,clear sky
627,Axim,GH,4.8699,-2.2405,76.19,79,50,8.19,scattered clouds
628,Teguise,ES,29.0605,-13.564,75.42,65,20,24.16,few clouds
629,Waipawa,NZ,-41.4122,175.5153,46.49,87,100,16.67,moderate rain
630,Castelldefels,ES,41.2779,1.9703,87.48,59,0,5.75,clear sky
631,Araouane,ML,18.9048,-3.5265,110.39,7,4,12.91,clear sky
632,Tuatapere,NZ,-46.1333,167.6833,27.84,92,14,4.81,few clouds
633,Atambua,ID,-9.1061,124.8925,70.79,84,68,4.74,broken clouds
634,Boa Esperanca Do Sul,BR,-21.9925,-48.3908,77.34,55,100,6.26,overcast clouds
635,Dom Pedro,BR,-4.4833,-44.45,97.68,18,14,3.96,few clouds
636,Chumikan,RU,54.7183,135.315,53.51,96,97,3.53,overcast clouds
637,Lima,PE,-12.0432,-77.0282,69.91,67,100,9.22,overcast clouds
638,Pochutla,MX,15.7432,-96.4661,90.82,54,88,6.51,overcast clouds
639,Tinyahuarco,PE,-10.75,-76.3,51.6,42,56,13.44,broken clouds
640,Iquique,CL,-20.2208,-70.1431,60.84,65,1,5.32,clear sky
641,Hammerfest,NO,70.6634,23.6821,50.45,87,75,10.36,broken clouds
642,Vostok,RU,46.4856,135.8833,54.63,97,6,5.55,clear sky
643,Kruisfontein,ZA,-34.0033,24.7314,59.88,91,41,3.18,scattered clouds
644,Tanggu,CN,39.0211,117.6469,75.16,70,100,12.77,overcast clouds
645,Lakes Entrance,AU,-37.8811,147.981,36.16,92,7,4.76,clear sky
646,Dickinson,US,29.4608,-95.0513,97.09,62,75,7.0,broken clouds
647,Kiunga,PG,-6.1219,141.2906,72.84,99,98,3.56,overcast clouds
648,San Vicente,AR,-26.6167,-54.1333,64.29,78,76,3.49,broken clouds
649,Fuxin,CN,42.0156,121.6589,68.45,65,100,3.89,overcast clouds
650,Voh,NC,-20.9667,164.7,67.59,84,97,7.83,overcast clouds
651,Adrar,MR,20.5022,-10.0711,110.19,8,19,8.81,few clouds
652,Linqiong,CN,30.4159,103.4609,84.02,88,91,2.89,overcast clouds
653,De-Kastri,RU,51.4667,140.7833,60.8,99,99,0.74,overcast clouds
654,Manaure,CO,11.7751,-72.4445,92.03,49,0,20.89,clear sky
655,Aksarka,RU,66.5606,67.7975,64.24,83,37,11.99,light rain
656,Flinders,AU,-34.5833,150.8552,50.38,76,15,11.12,light rain
657,Southbridge,US,42.0751,-72.0334,95.95,62,38,3.0,scattered clouds
658,Lensk,RU,60.7253,114.9278,50.25,96,94,3.51,overcast clouds
659,Batouri,CM,4.4333,14.3667,71.37,88,84,1.43,broken clouds
660,Mahon,ES,39.8885,4.2658,86.56,62,0,5.75,clear sky
661,Petrivka,UA,46.9695,30.9591,83.23,24,1,8.57,clear sky
662,Ziezmariai,LT,54.8,24.45,62.69,85,50,3.94,scattered clouds
663,Surat Thani,TH,9.1667,99.25,78.12,79,99,6.58,overcast clouds
664,Glenwood Springs,US,39.5505,-107.3248,87.4,32,40,5.75,scattered clouds
665,San Carlos De Bariloche,AR,-41.1456,-71.3082,40.75,60,40,0.0,scattered clouds
666,Mantua,IT,45.1667,10.7833,87.04,65,61,1.41,broken clouds
667,Port Macquarie,AU,-31.4333,152.9167,41.9,86,5,11.01,clear sky
668,Tiruchchendur,IN,8.4833,78.1167,81.14,71,100,13.96,overcast clouds
669,Shingu,JP,33.7333,135.9833,78.24,92,99,4.94,overcast clouds
670,Grand-Lahou,CI,5.1367,-5.0242,76.3,78,97,9.75,overcast clouds
671,Grand Gaube,MU,-20.0064,57.6608,70.2,76,13,1.01,few clouds
672,Warrington,GB,53.3925,-2.5802,74.44,52,0,9.22,clear sky
673,Mackenzie,CA,55.2999,-123.1698,64.62,45,0,8.05,clear sky
674,Yarmouth,US,41.7057,-70.2286,93.67,70,0,23.02,clear sky
675,Zharkent,KZ,44.1628,80.0,69.13,66,22,7.49,few clouds
676,Abu Kamal,SY,34.4506,40.9171,95.59,14,0,5.91,clear sky
677,Mabaruma,GY,8.2,-59.7833,84.2,79,75,11.5,broken clouds
678,Zyryanka,RU,65.75,150.85,62.71,69,1,6.17,clear sky
679,Kangaatsiaq,GL,68.3065,-53.4641,40.77,94,100,10.63,overcast clouds
680,Namatanai,PG,-3.6667,152.4333,77.94,83,75,4.36,light rain
681,Junin,AR,-34.5838,-60.9433,55.76,49,100,6.24,moderate rain
682,Urumqi,CN,43.801,87.6005,77.95,47,0,8.95,clear sky
683,Wagar,SD,16.1525,36.2032,86.56,54,97,10.83,overcast clouds
684,Ormara,PK,25.2088,64.6357,82.51,85,79,10.56,broken clouds
685,Port Augusta,AU,-32.5,137.7667,42.89,68,0,3.02,clear sky
686,Nkan,GA,0.3833,9.7833,77.43,75,100,7.52,overcast clouds
687,Bontang,ID,0.1333,117.5,77.7,86,88,6.26,overcast clouds
688,Pierre,US,44.3683,-100.351,81.52,50,0,9.22,clear sky
689,Surt,LY,31.2089,16.5887,82.8,71,0,11.86,clear sky
690,Solnechnyy,RU,50.7214,136.6319,56.17,96,48,4.18,scattered clouds
691,Yarensk,RU,62.1675,49.0916,57.33,66,84,2.82,broken clouds
692,Asfi,MA,32.2994,-9.2372,72.19,72,0,18.21,clear sky
693,Mnogovershinnyy,RU,53.9353,139.9242,57.81,99,100,1.88,overcast clouds
694,Andilamena,MG,-17.0167,48.5833,55.15,91,44,8.72,scattered clouds
695,Aswan,EG,24.0934,32.907,99.0,18,7,12.91,clear sky
696,Fort Nelson,CA,58.8053,-122.7002,65.79,42,20,12.66,few clouds
697,Zhumadian,CN,32.9794,114.0294,84.79,74,97,6.17,overcast clouds
698,Qabaqcol,AZ,41.72,46.2647,76.01,60,63,7.25,broken clouds
699,Hervey Bay,AU,-25.2986,152.8535,54.46,68,0,9.04,clear sky
700,Christchurch,NZ,-43.5333,172.6333,38.91,90,100,5.75,overcast clouds
701,Skagen,DK,57.7209,10.5839,60.57,75,8,12.86,clear sky
702,Usinsk,RU,65.9939,57.5281,61.0,63,83,7.23,broken clouds
703,Port Lincoln,AU,-34.7333,135.8667,52.09,76,0,10.65,clear sky
704,Tigre,AR,-34.426,-58.5796,57.34,64,75,13.8,broken clouds
705,Nicoya,CR,10.1483,-85.452,78.55,84,99,5.61,overcast clouds
706,Aasiaat,GL,68.7098,-52.8699,38.73,95,100,7.76,overcast clouds
707,Senneterre,CA,48.3835,-77.2328,60.48,64,100,6.15,light rain
708,Vila,PT,42.0304,-8.1588,77.7,58,26,5.91,scattered clouds
